Employee_ID,Employee_Name,Street_ID,Street_Number,Street_Name,City,State,Postal_Code,Country
121044,"Abbott, Ray",9260116912,2267,Edwards Mill Rd,Miami-Dade,FL,33135,US
120145,"Aisbitt, Sandy",1600101803,30,Bingera Street,Melbourne,,2001,AU
120761,"Akinfolarin, Tameaka",9260121030,5,Donnybrook Rd,Philadelphia,PA,19145,US
120656,"Amos, Salley",9260123736,3524,Calico Ct,San Diego,CA,92116,US
121107,"Anger, Rose",9260120989,744,Chapwith Rd,Philadelphia,PA,19142,US
121038,"Anstey, David",9260116991,939,Hilltop Needmore Rd,Miami-Dade,FL,33157,US
120273,"Antonini, Doris",9260116925,681,Ferguson Rd,Miami-Dade,FL,33141,US
120759,"Apr, Nishan",9260123711,105,Brack Penny Rd,San Diego,CA,92071,US
120798,"Ardskin, Elizabeth",9260116954,701,Glenridge Dr,Miami-Dade,FL,33177,US
121030,"Areu, Jeryl",9260116937,265,Fyfe Ct,Miami-Dade,Fl,33133,US
121017,"Arizmendi, Gilbert",9260123825,379,Englehardt Dr,San Diego,CA,91950,US
121062,"Armant, Debra",9260123787,10398,Crown Forest Ct,San Diego,CA,92025,US
121119,"Armogida, Bruce",9260121159,1914,Lansing St,Philadelphia,PA,19119,US
120812,"Arruza, Fauver",9260116937,265,Fyfe Ct,Miami-Dade,FL,33133,US
120756,"Asta, Wendy",9260121146,3565,Lake Park Dr,Philadelphia,PA,19145,US
120754,"Atkins, John",9260116816,6137,Blue Water Ct,Miami-Dade,FL,33161,US
120185,"Bahlman, Sharon",1600103028,24,LaTrobe Street,Sydney,,2165,AU
120109,"Baker, Gabriele",1600103074,166,Toorak Road,Sydney,,2119,AU
120710,"Baltzell, Timothy",9260120981,31,Castalia Dr,Philadelphia,PA,19140,US
121007,"Banaszak, John",9260121148,77,Lake Tillery Dr,Philadelphia,PA,19139,US
121011,"Banchi, Steven",9260116837,522,Buncombe St,Miami-Dade,FL,33031,US
120188,"Baran, Shanmuganathan",1600102985,207,Canterbury Road,Sydney,,1225,AU
120144,"Barbis, Viney",1600102974,3,Alice Street,Sydney,,2114,AU
120168,"Barcoe, Selina",1600101850,435,Sherwood Rd,Melbourne,,8003,AU
120182,"Barreto, Geok-Seng",1600103062,241,Royal Perade,Sydney,,1115,AU
121049,"Bataineh, Perrior",9260123694,892,Birchland Dr,San Diego,CA,92126,US
120998,"Benedicto, Tondelayo",9260123862,2902,Gable Ridge Ln,San Diego,CA,92118,US
120800,"Benyami, Fred",9260123837,1498,Falconwood Dr,San Diego,CA,92069,US
120811,"Bergeron-Jeter, Dale",9260116773,2356,Aileen Dr,Miami-Dade,FL,33010,US
120733,"Bezinque, Michael",9260116798,2732,Bell Dr,Miami-Dade,FL,33033,US
120104,"Billington, Kareen",1600103066,40,Smith Street,Sydney,,1670,AU
120735,"Bilobran, Brenda",9260116785,11217,Avent Ferry Rd,Miami-Dade,FL,33160,US
121035,"Blackley, James",9260123811,41,Dubose St,San Diego,CA,92110,US
120183,"Blanton, Brig",1600101844,6,Palmiston Cresent,Melbourne,,3150,AU
121141,"Bleu, Henri Le",9260121129,29,Joliesse Ln,Philadelphia,PA,19103,US
120993,"Boatright, Lorraine",9260123871,110,Glascock St,San Diego,CA,91950,US
120198,"Body, Meera",1600103038,51,Martin Place,Sydney,,1131,AU
121006,"Bolster, Bernard",9260123715,77,Braswell Ct,San Diego,CA,91950,US
121116,"Bond-Teague, Mary",9260123677,24,Bashford Rd,San Diego,CA,92106,US
121137,"Boocks, Michael. R.",9260117046,1555,Laurdane Rd,Miami-Dade,FL,33183,US
120728,"Borge, Kathryn",9260116823,360,Bridgepath Dr,Miami-Dade,FL,33150,US
121109,"Boulus, Harold",9260123772,4320,Colony Woods Dr,San Diego,CA,92054,US
120265,"Branly, Wanda",9260121147,21,Lake Pine Dr,Philadelphia,PA,19135,US
121140,"Briggi, Saunders",9260123917,991,Holman St,San Diego,CA,92021,US
121012,"Broome, Carmelo",9260116832,368,Buck Jones Rd,Miami-Dade,FL,33144,US
120724,"Brown, Hampie",9260123770,1951,Cobble Creek Ln,San Diego,CA,92054,US
121101,"Buckner, Burnetta",9260123893,3385,Hampton Ridge Rd,San Diego,CA,92114,US
120114,"Buddery, Jeannette",1600103023,12,Hunua Road Papakura,Sydney,,1004,AU
120662,"Burroughs, Lemonica",9260116814,2565,Bledsoe Ave,Miami-Dade,FL,33176,US
120730,"Burt, Woodson",9260123853,136,Fox Rd,San Diego,CA,92128,US
120713,"Campbell, Carston",9260123835,19,Fairwinds Dr,San Diego,CA,92069,US
120181,"Cantatore, Lorian",1600102985,207,Canterbury Road,Sydney,,1225,AU
121144,"Capachietti, Renee",9260116911,379,Edgeside Ct,Miami-Dade,FL,33012,US
120763,"Capps, Ramond",9260123777,3384,Cotton Mill Dr,San Diego,CA,92113,US
121050,"Capristo-Abramczyk, Patricia",9260123928,157,Ithaca Ln,San Diego,CA,91950,US
120688,"Carcaterra, Lisa",9260123971,91,Langstonshire Ln,San Diego,Ca,92119,US
121059,"Carhide, Jacqulin",9260123889,5637,Greenfield Dr,San Diego,CA,91911,US
121025,"Cassey, Barnaby",9260116769,1609,Abbey Ln,Miami-Dade,FL,33134,US
121121,"Cassone, Halouise",9260121067,6,Frissell Ave,Philadelphia,PA,19142,US
120187,"Catenacci, Reyne",1600101829,44,Gow Street,Melbourne,,2066,AU
120146,"Cederlund, Wendall",1600103054,1,Pacific Rise Mount Wellington,Sydney,,20000,AU
120149,"Chantharasy, Judy",1600101820,1,Embarcadero Center Site 1500,Melbourne,,3000,AU
121097,"Chernega, Willeta",9260121008,17,Cottonwood Ln,Philadelphia,PA,19111,US
121080,"Chinnis, Kumar",9260116996,60,Hodge Rd,Miami-Dade,FL,33138,US
120791,"Chiseloff, Richard",9260123830,1726,Evans Rd,San Diego,CA,92067,US
121048,"Clark, Lawrie",9260116885,5716,Deacons Bend Ct,Miami-Dade,FL,33184,US
121002,"Clark, Terry-Ann",9260123906,57,Hickory Dr,San Diego,CA,92104,US
120127,"Clarkson, Sharryn",1600102972,21,Albert St,Sydney,,1170,AU
120263,"Cleverley, Bobby",9260123710,622,Boylan Ave,San Diego,CA,92054,US
121076,"Cobb, Micah",9260121074,37,Glencoe Dr,Philadelphia,Pa,19138,US
120172,"Comber, Edwin",1600102978,121,Blackburn Road,Sydney,,2580,AU
120175,"Conolly, Andrew",1600103049,79,Old Port Road,Sydney,,2144,AU
120739,"Cooper, Bryon",9260116770,5857,Academy St,Miami-Dade,FL,33133,US
121100,"Cormell, Tzue-Ing",9260123700,4104,Blackwolf Run Ln,San Diego,CA,92114,US
121113,"Costine, Karen",9260116837,522,Buncombe St,Miami-Dade,FL,33031,US
121073,"Court, Donald",9260116842,4498,Calumet Dr,Miami-Dade,FL,33144,US
120741,"Court, Keisha",9260121135,88,Kershaw Dr,Philadelphia,PA,19130,US
120264,"Croome, Latonya",9260123737,1722,Calm Winds Ct,San Diego,CA,91941,US
120794,"Cross, Samantha",9260116833,699,Buck Rowland Rd,Miami-Dade,FL,33169,US
120262,"Crown, Max",9260120929,1823,Ashley Rd,Philadelphia,PA,19111,US
120679,"Cutucache, Chrisy",9260123909,1541,Highland Trl,San Diego,CA,92103,US
120190,"Czernezkyi, Ivor",1600103037,21,Market Street,Sydney,,2113,AU
120687,"Dannin, Freda",9260116935,674,Friar Tuck Rd,Miami-Dade,FL,33193,US
121040,"Darrohn, Brienne",9260120944,3941,Belford Valley Ln,Philadelphia,PA,19103,US
121055,"Davis, Clement",9260117037,1305,Kyle Dr,Miami-Dade,FL,33172,US
120103,"Dawes, Wilson",1600103074,166,Toorak Road,Sydney,,2119,AU
120124,"Daymond, Lucian",1600103024,1,Julius Avenue,Sydney,,2233,AU
120795,"Deacon, David",9260116960,1636,Gorman St,Miami-Dade,FL,33012,US
121082,"Debank, Richard",9260116843,608,Campbell Rd,Miami-Dade,FL,33129,US
120786,"Delafuente, Chris-Anne",9260116875,1329,Cross Link Rd,Miami-Dade,FL,33016,US
120789,"Denhollem, Julius",9260116863,147,Clearport Dr,Miami-Dade,FL,33135,US
120126,"Denny, Satyakam",1600102981,7,Boundary Street,Sydney,,2099,AU
121003,"Der Wiele, Troyce Van",9260120967,1787,Brushy Meadows Dr,Philadelphia,PA,19148,US
121019,"Desanctis, Scott",9260121087,765,Greenhaven Ln,Philadelphia,PA,19102,us
120680,"Desaulniers, Raymondria",9260120977,2409,Carnegie Ln,Philadelphia,PA,19145,US
121132,"Digiorgio, Shia-Ling",9260123870,97,Gentlewoods Dr,San Diego,CA,92040,US
120197,"Dillin, Kerrin",1600101821,29,Emily Bullock Cres,Melbourne,,8007,AU
120714,"Dinley, Robert",9260116931,182,Fort Sumter Rd,Miami-Dade,FL,33160,US
120152,"Dives, Sean",1600102982,69,Bourke St,Sydney,,1460,AU
120668,"Dolan, Thyland",9260116922,744,Farmington Grove Dr,Miami-Dade,FL,33141,US
120997,"Donathan, Mary",9260121069,4923,Gateridge Dr,Philadelphia,PA,19152,us
120785,"Donnell, Damesha",9260123725,1947,Bromley Way,San Diego,CA,92024,US
120711,"Drew, Gloria",9260121132,17,Kempwood Dr,Philadelphia,PA,19119,US
120667,"Droste, Edwin",9260116974,1661,Hanna Ln,Miami-Dade,FL,33014,US
120803,"Droste, Victor",9260123737,1722,Calm Winds Ct,San Diego,CA,91941,US
120138,"Duckett, Shani",1600101841,9,Northgate Drive,Melbourne,,3168,AU
120279,"Dunlap, Kareema",9260123839,181,Falls River Ave,San Diego,CA,92021,US
120808,"Dupree, Marcel",9260123656,3231,Amity Hill Ct,San Diego,CA,92064,US
120142,"Eastley, Vincent",1600101816,4,Dalmore Drive,Melbourne,,3095,AU
120779,"Eggleston, Jennifer",9260116997,140,Hollow Ct,Miami-Dade,FL,33032,US
120774,"El-Amin, Sue",9260121123,1030,Indigo Dr,Philadelphia,PA,19122,US
120119,"Elleman, Lal",1600103015,1021,Haupapa Street,Sydney,,1219,AU
121015,"Elmoslamy, Wilson",9260123927,3118,Iris Dr,San Diego,CA,92105,US
120121,"Elvish, Irenie",1600103044,3,Mundi Place,Sydney,,1232,AU
120110,"Entwisle, Dennis",1600103011,9,Grayson Avenue Papatoetoe,Sydney,,1226,AU
120810,"Esguerra, Loyal",9260116917,2726,Fairfax Woods Dr,Miami-Dade,FL,33162,US
121103,"Farnsworth, Brian",9260123783,8458,Crispwood Ct,San Diego,Ca,91901,US
121021,"Farren, Priscilla",9260123790,1538,Dacian Rd,San Diego,CA,92124,US
120747,"Farthing, Zashia",9260123756,763,Chatterson Dr,San Diego,CA,92116,us
121143,"Favaron, Louis",9260117004,163,Horseshoe Bend,Miami-Dade,FL,33176,US
121052,"Fay, Richard",9260120973,7660,Calvary Dr,Philadelphia,PA,19107,US
120744,"Feigenbaum, Alden",9260123874,43,Glen Bonnie Ln,San Diego,CA,92122,US
120753,"Ferrari, Ralph",9260116946,309,Gilliam Ln,Miami-Dade,FL,33172,US
121031,"Filan, Scott",9260121065,375,Foxmoor Ct,Philadelphia,PA,19142,US
120150,"Filo, John",1600101856,5,Sun Pl,Melbourne,,3001,AU
120195,"Fiocca, Jina",1600101807,81,Burwood Road,Melbourne,,3155,AU
121102,"Flammia, Rocheal",9260123922,1201,Hoyle Dr,San Diego,CA,91978,us
120260,"Fletcher, Christine",9260123780,2416,Cove Point Dr,San Diego,CA,91910,US
120272,"Flow, Febin",9260121137,461,Kimberly Dr,Philadelphia,PA,19121,US
120697,"Fouche, Madelaine",1600101820,1,Embarcadero Center Site 1500,Melbourne,,3000,AU
121023,"Fuller, Shawn",9260123819,1195,Echo Glen Ln,San Diego,CA,92028,US
121136,"Galarneau, Lesia",9260120922,3,Altair Cir,Philadelphia,PA,19131,US
120778,"Gardner, Angela",9260121040,349,Eason Cir,Philadelphia,PA,19104,US
120180,"George, Vino",1600101796,9,Adelaide Terrace,Melbourne,,3000,AU
120112,"Glattback, Ellis",1600101868,7,Vulture Street,Melbourne,,3174,AU
121124,"Gonzalez, Deginald",9260117036,1611,Kronos Ln,Miami-Dade,FL,33054,US
121009,"Goodwin, Robert",9260123860,31,Friendly Dr,San Diego,CA,92116,US
120995,"Gordo, Lily-Ann",9260121130,545,Jones Sausage Rd,Philadelphia,PA,19144,US
120191,"Graham-Rowe, Jannene",1600101820,1,Embarcadero Center Site 1500,Melbourne,,3000,AU
120108,"Gromek, Gladys",1600101827,6,George Street,Melbourne,,3000,AU
121047,"Grzebien, Karen",9260123757,627,Chenworth Dr,San Diego,CA,92082,US
120672,"Guscott, Verne",1600102990,249,Collins Street,Sydney,,2009,AU
120691,"Habres, Sek",1600103058,11,Reid Street,Sydney,,1005,AU
121129,"Hafley, Yusef",9260116796,192,Beaufort St,Miami-Dade,FL,33133,US
121045,"Hampton, Cascile",9260123748,8560,Carlton Ave,San Diego,CA,92027,US
121013,"Hargrave, Seco",9260120922,3,Altair Cir,Philadelphia,PA,19131,US
120743,"Harrison, Chimena",9260123715,77,Braswell Ct,San Diego,CA,91950,US
120816,"Hart, Tessia",9260116839,2170,Buttercup Ln,Miami-Dade,FL,33055,US
120118,"Hartshorn, Darshi",1600103076,1,Waterloo Street,Sydney,,2065,AU
120745,"Harvill, Barbara",9260120919,23,Alderman Cir,Philadelphia,PA,19129,US
120194,"Harwood, Reece",1600101807,81,Burwood Road,Melbourne,,3155,AU
121061,"Hassam, Lauris",9260116932,4407,Fountain Dr,Miami-Dade,FL,33178,US
120659,"Havasy, Jay",9260120924,1930,Apple Meadow Dr,Philadelphia,PA,19145,US
120154,"Hayawardhana, Caterina",1600102972,21,Albert St,Sydney,,1170,AU
121098,"Heatwole, Hal",9260120994,1543,Cherrycrest Ct,Philadelphia,PA,19154,US
120999,"Heilmann, Sherelyn",9260123969,3750,Langley Cir,San Diego,CA,92025,US
120813,"Heinsler, John",9260116828,39,Brush Stream Dr,Miami-Dade,FL,33179,US
121123,"Helyar, Randy",9260121031,3313,Dothan Ct,Philadelphia,PA,19107,US
120718,"Hennington, Charles",9260121043,40,Elsbeth Ct,Philadelphia,PA,19144,US
121130,"Herndon, Gary",9260121156,11,Langdale Pl,Philadelphia,PA,19143,US
120196,"Hieds, Merle",1600101856,5,Sun Pl,Melbourne,,3001,AU
120261,"Highpoint, Harry",9260116777,18,Antler Ct,Miami-Dade,FL,33135,US
121106,"Hilburger, James",9260116793,139,Barton Pines Rd,Miami-Dade,FL,33189,US
120669,"Hill, Ronald",9260121037,2823,Eagles Landing Dr,Philadelphia,PA,19146,US
120125,"Hofmeister, Fong",1600102996,17,Druitt Street,Sydney,,2122,AU
121125,"Holt, Michael",9260121127,270,Johnson St,Philadelphia,PA,19138,US
121070,"Holthouse, Agnieszka",9260116982,41,Hawthorne Way,Miami-Dade,FL,33018,US
120815,"Honore, Craig",9260116824,7766,Brimfield Ct,Miami-Dade,FL,33141,US
121071,"Hoppmann, John",9260116922,744,Farmington Grove Dr,Miami-Dade,FL,33141,US
120773,"Horne, Entrisse",9260117000,7497,Holly Pointe Dr,Miami-Dade,FL,33133,US
120792,"Horne, Omeba",9260121126,4750,Jet Ln,Philadelphia,PA,19119,US
120106,"Hornsey, John",1600103064,325,Sherwood Road,Sydney,,1100,AU
120113,"Horsey, Riu",1600101859,45,Talavera Road,Melbourne,,3146,AU
120123,"Hotstone, Kimiko",1600103050,54,Overseas Drive,Sydney,,2066,AU
121001,"House, Tony",9260116817,1,Bona Ct,Miami-Dade,FL,33140,US
120685,"Howard, Anita",9260121044,1455,Emerywood Dr,Philadelphia,PA,19124,US
120729,"Howell, Kimberly",9260117044,260,Langstonshire Ln,Miami-Dade,FL,33134,US
121085,"Huslage, Rebecca",9260123814,1984,Dunhill Ter,San Diego,CA,92008,US
120137,"Iyengar, Marina",1600101814,9,Crusin Place,Melbourne,,3086,AU
121026,"Jaime, Terrill",9260121098,697,Harcourt Dr,Philadelphia,PA,19136,US
120155,"James, Narelle",1600101861,30,Thorncraft Parade,Melbourne,,2113,AU
121104,"Johnson, Leoma",9260120956,4002,Brassfield Rd,Philadelphia,PA,19134,US
120797,"Jones, Sherrie",9260116902,19,Dutch Creek Dr,Miami-Dade,FL,33186,US
120278,"Jongleux, Binit",9260123699,3053,Blackpine Ct,San Diego,CA,91910,US
120716,"Juif, Kenneth",9260121085,881,Green Downs Dr,Philadelphia,PA,19143,US
121091,"Kadiri, Ernest",9260121067,6,Frissell Ave,Philadelphia,Pa,19142,US
121043,"Kagarise, Sigrid",9260121031,3313,Dothan Ct,Philadelphia,PA,19107,US
120269,"Kagolanu, Shrimatee",9260120925,65,Applecross Cir,Philadelphia,PA,19131,US
120132,"Kaiser, Fancine",1600103012,33,Great South Road Riccarton,Sydney,,2000,AU
120157,"Karavdic, Leonid",1600102978,121,Blackburn Road,Sydney,,2580,AU
120783,"Karp, Davis",9260121117,458,Huckleberry Dr,Philadelphia,PA,19104,US
120796,"Kellis, Philip",9260121043,40,Elsbeth Ct,Philadelphia,PA,19144,US
120766,"Kempster, Janelle",9260116780,8,Ashwood Dr,Miami-Dade,FL,33173,US
120682,"Kennedy, Barbara",9260120930,1635,Auburn Church Rd,Philadelphia,PA,19119,US
120801,"Kennedy, Kathryn",9260120975,353,Cameron Woods Dr,Philadelphia,PA,19148,US
120658,"Kennedy, Kenneth",9260123927,3118,Iris Dr,San Diego,CA,92105,US
121088,"Kernitzki, Momolu",9260120959,422,Brentwood Rd,Philadelphia,PA,19134,US
120992,"Kicak, Lisa",9260116861,1974,Clear Brook Dr,Miami-Dade,FL,33172,US
120736,"Kiemle, Parie",9260116999,26,Holly Park Dr,Miami-Dade,FL,33130,US
120177,"Kierce, Franca",1600103075,120,Walkers Road,Sydney,,2015,AU
120746,"Kimmerle, Kevie",9260121115,162,Horsetrail Way,Philadelphia,PA,19121,US
120170,"Kingston, Alban",1600102984,5,Buffalo Road,Sydney,,1042,AU
121063,"Kinol, Regi",9260116933,63,Fountainhead Dr,Miami-Dade,FL,33180,US
121034,"Kirkman, John",9260116898,40,Dry Fork Ln,Miami-Dade,FL,33193,US
120698,"Kistanna, Geoff",1600103007,28,Fonceca Street,Sydney,,1171,au
120128,"Kletschkus, Monica",1600101800,26,Bay Street,Melbourne,,3050,AU
121090,"Klibbe, Betty",9260123969,3750,Langley Cir,San Diego,CA,92025,US
121110,"Knapp, Albert",9260116923,4368,Farrington Dr,Miami-Dade,FL,33165,US
120757,"Knopfmacher, Paul",9260123735,804,Calebra Way,San Diego,CA,92104,US
121081,"Knudson, Susie",9260123871,110,Glascock St,San Diego,CA,91950,US
120721,"Knust, Dlutomi",9260120955,744,Brannigan Pl,Philadelphia,PA,19141,US
120683,"Kochneff, Deven",9260121087,765,Greenhaven Ln,Philadelphia,PA,19102,US
121058,"Kohake, Del",9260123839,181,Falls River Ave,San Diego,CA,92021,US
120765,"Kokoszka, Nikeisha",9260123780,2416,Cove Point Dr,San Diego,Ca,91910,US
120740,"Koonce, Lisa",9260116960,1636,Gorman St,Miami-Dade,FL,33012,US
120663,"Kornblith, Anglar",9260116932,4407,Fountain Dr,Miami-Dade,FL,33178,US
120266,"Krafve, Bao",9260123722,12,Brigadoon Dr,San Diego,CA,92040,US
121095,"Kratzke, Sara",9260123796,4137,Deer Haven Dr,San Diego,CA,92101,US
121120,"Labach, Susan",9260121063,1624,Fox Trail Ln,Philadelphia,PA,19146,US
120189,"Lachlan, Mihailo",1600103000,17,Elsie St,Sydney,,2154,AU
121010,"Lamp, Donald",9260116965,509,Green Level To Durham Rd,Miami-Dade,FL,33142,US
120274,"Landry, Angela",9260121115,162,Horsetrail Way,Philadelphia,PA,19121,US
120690,"Langston, Taronda",9260120930,1635,Auburn Church Rd,Philadelphia,PA,19119,US
121145,"Lansberry, Dennis",9260116886,7508,Declaration Dr,Miami-Dade,FL,33012,US
121069,"Lapsley, Jason",9260123763,2148,Circlebank Dr,San Diego,CA,92064,US
120275,"Lattimer, Brandy",9260123733,56,Cahill Rd,San Diego,CA,92065,US
120671,"Latty, William",9260120959,422,Brentwood Rd,Philadelphia,PA,19134,US
120280,"Laurer, Jaime",9260121097,211,Hamstead Crossing Dr,Philadelphia,PA,19124,US
121118,"Lawson, Paul",9260121145,598,Lake Ct,Philadelphia,Pa,19122,US
120665,"Leacock, Jill",9260123932,1288,Joe Leach Rd,San Diego,CA,91945,US
120694,"Leazer, Sharon",1600103030,29,Lawson Ave,Sydney,,1220,AU
120762,"Leone, Marvin",9260121005,2898,Cookshire Dr,Philadelphia,PA,19121,US
120731,"Lerew, Robert",9260123660,2254,Appledown Dr,San Diego,CA,92008,US
121108,"Levi, Libby",9260116791,1713,Barham Siding Rd,Miami-Dade,FL,33013,US
120136,"Leyden, Atul",1600103023,12,Hunua Road Papakura,Sydney,,1004,AU
120141,"Liebman, Amanda",1600103010,46,George Street,Sydney,,2012,AU
120769,"Lightbourne, Abelino",9260116816,6137,Blue Water Ct,Miami-Dade,FL,33161,US
121014,"Liguori, Donelle",9260116940,6,Gamelyn Walk,Miami-Dade,FL,33183,US
120788,"Lisowe, Smitty",9260123664,1058,Atchison St,San Diego,CA,92120,US
120101,"Lu, Patrick",1600102980,51,Botany Road,Sydney,,1230,AU
120130,"Lyon, Kevin",1600103019,2,Hill St,Sydney,,1044,AU
121056,"Lyszyk, Stacey",9260123927,3118,Iris Dr,San Diego,CA,92105,US
121067,"Macnair, Jeanilla",9260123814,1984,Dunhill Ter,San Diego,CA,92008,US
121018,"Magolan, Julienne",9260116837,522,Buncombe St,Miami-Dade,FL,33031,US
120163,"Magrath, Brett",1600101846,253,Princess Hwy,Melbourne,,3000,AU
121111,"Maholo, Salim",9260123866,91,Gardner St,San Diego,CA,92057,US
121065,"Malta, Corneille",9260123836,1793,Falcon Rest Cir,San Diego,CA,92113,US
120793,"Mamo, William",9260116878,183,Dacus Pl,Miami-Dade,FL,33055,US
121046,"Mandzak, Roger",9260121106,443,High Country Dr,Philadelphia,PA,19147,US
121127,"Mangini, Keyna",9260123867,9,Garner Rd,San Diego,CA,91910,US
120809,"Marion, Chiorene",9260116782,89,Atchison St,Miami-Dade,FL,33129,US
120727,"Marples, Donald",9260123734,2227,Calais Ct,San Diego,CA,92122,US
120161,"Martines, Rosette",1600101840,147,North Clark Street,Melbourne,,3156,AU
120117,"Mccleary, Bill",1600101844,6,Palmiston Cresent,Melbourne,,3150,AU
121053,"Mcdade, Tywanna",9260123761,87,Christofle Ln,San Diego,CA,92082,US
121029,"Mcelwee, Kuo-Chung",9260123790,1538,Dacian Rd,San Diego,CA,92124,US
121139,"Mckee, Diosdado",9260123895,81,Hanska Way,San Diego,CA,92014,US
121008,"Mckenzie, Eron",9260121071,131,Gem Dr,Philadelphia,PA,19122,US
121005,"Mclamb, Yuh-Lang",9260116949,9891,Glendower Rd,Miami-Dade,FL,33154,US
120751,"Mea, Azavi0us",9260116836,649,Buckboard Ln,Miami-Dade,FL,33014,US
121079,"Mees, Azmi",9260120942,824,Beaufort St,Philadelphia,PA,19128,US
121036,"Mesley, Teresa",9260121101,967,Hearthside Ct,Philadelphia,PA,19148,US
121074,"Michonski, Eric",9260123951,1921,Kingston Ridge Rd,San Diego,CA,92129,US
121037,"Miketa, Muthukumar",9260117011,2185,Ileagnes Rd,Miami-Dade,FL,33176,US
120259,"Miller, Anthony",9260116837,522,Buncombe St,Miami-Dade,FL,33031,US
120760,"Miller, Pamela",9260123823,108,Elmview Dr,San Diego,CA,92111,US
120140,"Minas, Michael",1600103041,95,Miller St,Sydney,,2125,AU
120695,"Moffat, Trent",1600101835,8,Learmonth Road,Melbourne,,3101,au
120171,"Moody, Alena",1600103057,248,Port Road,Sydney,,2020,AU
120184,"Moore, Ari",1600103062,241,Royal Perade,Sydney,,1115,AU
120712,"Motashaw, Elisabeth",9260116823,360,Bridgepath Dr,Miami-Dade,FL,33150,US
121099,"Mrvichin, Royall",9260120976,31,Cantwell Ct,Philadelphia,PA,19141,US
121051,"Myers, Glorina",9260123851,335,Fox Ct,San Diego,CA,92029,US
121128,"Nazar, Glacia",9260123950,1250,Kingston Ridge Rd,San Diego,CA,92128,US
120715,"Neal, Angelia",9260123661,6278,Aqua Marine Ln,San Diego,CA,92054,US
121096,"Newstead, Robert",9260117041,683,Lake Hill Dr,Miami-Dade,FL,33176,US
120122,"Ngan, Christina",1600101847,11,Prospect Hill Road,Melbourne,,3001,AU
120192,"Nichollas, Anthony",1600103056,66,Phillip Street,Sydney,,2124,AU
120115,"Nichollas, Hugh",1600103020,30,Hotham Parade,Sydney,,2600,AU
120749,"Niemann, Kevin",9260123704,651,Bluebird Ct,San Diego,CA,92027,US
121066,"Norman, Ceresh",9260121149,251,Lake Tillery Dr,Philadelphia,PA,19148,US
121072,"North, Christer",9260121038,2765,Eaglesham Way,Philadelphia,PA,19121,US
120166,"Nowd, Fadi",1600103000,17,Elsie St,Sydney,,2154,AU
120270,"Nuss, Grezegorz",9260116986,1916,Hebron Church Rd,Miami-Dade,FL,33186,US
121115,"O'Carroll, Aquilla",9260123738,5194,Calm Winds Ct,San Diego,CA,92071,US
121087,"O'Suilleabhain, Virtina",9260117018,219,Ivydale Dr,Miami-Dade,FL,33178,US
120790,"O'Toole, Tara",9260121137,461,Kimberly Dr,Philadelphia,Pa,19121,US
120726,"Obermeyer, Lutezenia",9260120979,3246,Cartier Dr,Philadelphia,PA,19140,US
120678,"Octetree, Lucretta",9260123841,433,Farmington Woods Dr,San Diego,CA,92054,US
120723,"Olsen, Deanna",9260121109,218,Hillsford Ln,Philadelphia,PA,19146,US
120666,"Onuscheck, John",9260123652,215,Alercia Ct,San Diego,CA,92029,US
120173,"Osborn, Hernani",1600101808,8,Cannon Lane Whitby,Melbourne,,3350,AU
121068,"Osuba, Salaheloin",9260123681,2546,Belford Valley Ln,San Diego,CA,91932,US
121084,"Ould, Tulsidas",9260123776,1025,Coronado Dr,San Diego,Ca,92028,US
120806,"Ousley, Lorna",9260117027,881,Kettlebridge Dr,Miami-Dade,FL,33183,US
120772,"Overdorff, Erich",9260116868,1407,Coorsdale Dr,Miami-Dade,FL,33161,US
120176,"Pa, Koavea",1600101822,1,Endeavour Road,Melbourne,,3225,AU
121131,"Pantages, William",9260123709,198,Botany Bay Dr,San Diego,CA,92021,US
120802,"Parker, U'Vonda",9260121139,11,Kinderston Dr,Philadelphia,PA,19104,US
120770,"Pascoe, Julia",9260116858,973,Chris Dr,Miami-Dade,FL,33183,US
120787,"Peachey, Carl",9260123750,175,Carteret Dr,San Diego,CA,92025,US
120120,"Peiris, Krishna",1600103010,46,George Street,Sydney,,2012,AU
121126,"Penhale, James",9260120951,142,Bluffridge Dr,Philadelphia,PA,19141,US
120807,"Peppers, Gerlinde",9260123858,1209,Fraternity Court Dr,San Diego,CA,92173,US
120696,"Pettolino, Peter",1600101822,1,Endeavour Road,Melbourne,,3225,AU
120151,"Phaiyakounh, Julianna",1600103002,3,Evans St,Sydney,,2011,AU
120159,"Phoumirath, Lynelle",1600103074,166,Toorak Road,Sydney,,2119,AU
120158,"Pilgrim, Daniel",1600103048,8,Nicholson Street,Sydney,,4720,AU
120784,"Pinol, Jennifer",9260120993,9,Chastain Dr,Philadelphia,PA,19132,US
120135,"Platts, Alexei",1600103071,39,Station Street,Sydney,,2000,au
120178,"Plested, Billy",1600103038,51,Martin Place,Sydney,,1131,AU
121086,"Plybon, John-Michael",9260116892,890,Dinwiddie Ct,Miami-Dade,FL,33174,US
120276,"Plybon, Nicholas",9260121064,2975,Foxbury Dr,Philadelphia,Pa,19120,US
121064,"Polky, Asishana",9260123811,41,Dubose St,San Diego,CA,92110,US
120689,"Pongor, Katherine",9260121009,4750,Cottonwood Ln,Philadelphia,PA,19148,US
120748,"Post, Nahliah",9260117043,52,Landor Rd,Miami-Dade,FL,33169,US
120105,"Povey, Liz",1600101825,23,Garden Street,Melbourne,,8004,AU
120165,"Pretorius, Tadashi",1600103020,30,Hotham Parade,Sydney,,2600,AU
121133,"Pringley, Peter",9260120956,4002,Brassfield Rd,Philadelphia,PA,19134,US
121092,"Pritt, Gynell",9260123941,8112,Kenna Ct,San Diego,CA,92116,US
121054,"Pulliam, Daniel",9260123704,651,Bluebird Ct,San Diego,CA,92027,US
120186,"Quinby, Merryn",1600102997,54,Dunning Street,Sydney,,2120,AU
120661,"Racine, Cynthia",9260123745,63,Cane Creek Dr,San Diego,CA,92131,US
120116,"Ralston, Austen",1600103023,12,Hunua Road Papakura,Sydney,,1004,AU
120768,"Rayburn, Roland",9260120981,31,Castalia Dr,Philadelphia,PA,19140,US
121020,"Ridley, Cherda",9260120918,30,Aiken Pkwy,Philadelphia,PA,19142,US
120719,"Ridley, Roya",9260123695,6121,Birklands Dr,San Diego,CA,92025,US
120267,"Rink, Belanda",9260123891,43,Grist Mill Rd,San Diego,CA,92122,US
121042,"Robbin-Coker, Joseph",9260123688,2645,Berkshire Downs Dr,San Diego,CA,92008,US
120129,"Roebuck, Alvin",1600101844,6,Palmiston Cresent,Melbourne,,3150,AU
121027,"Rudder, Allan",9260123806,941,Dixon Dr,San Diego,CA,91911,US
120147,"Rusli, Skev",1600103069,26,St Kilda Road,Sydney,,2022,AU
121135,"Ruta, Tammy",9260120927,89,Ashley Brook Ct,Philadelphia,PA,19131,US
120777,"Sacher, Kary",9260123653,2547,Allenby Dr,San Diego,CA,91913,US
121148,"Sadig, Shane",9260116770,5857,Academy St,Miami-Dade,FL,33133,US
121146,"Sangiorgio, Julieanne",9260121055,6042,Farmstone Dr,Philadelphia,PA,19125,US
120673,"Santomaggio, Pearl",1600101855,2,Stephen Road,Melbourne,,3181,AU
121089,"Sauder, Gregory",9260117020,974,Joel Ct,Miami-Dade,FL,33030,US
121105,"Savacool, Jessica",9260116883,618,Darlington Pl,Miami-Dade,FL,33143,US
120734,"Saylor, Svein",9260121110,3707,Hillside Dr,Philadelphia,PA,19144,US
121122,"Scarbrough, Stancey",9260116954,701,Glenridge Dr,Miami-Dade,FL,33177,US
120162,"Scordia, Randal",1600101859,45,Talavera Road,Melbourne,,3146,AU
120814,"Scroggin, Victor",9260123664,1058,Atchison St,San Diego,CA,92120,US
120160,"Segrave, Chuck",1600103065,1,Sleigh Street,Sydney,,1164,AU
120664,"Senchak, Brock",9260121088,1779,Greymist Ln,Philadelphia,PA,19142,US
120994,"Sergeant, Danelle",9260123959,734,Ladys Slipper Ct,San Diego,CA,92105,us
121117,"Sergi, Teresa",9260120922,3,Altair Cir,Philadelphia,PA,19131,US
120134,"Shannan, Sian",1600103061,5,Rosebery Ave,Sydney,,2010,AU
120107,"Sheedy, Sherie",1600101851,12,Sir William Pickering Drive,Melbourne,,3175,AU
120722,"Sheffield, Ishmar",9260116991,939,Hilltop Needmore Rd,Miami-Dade,FL,33157,US
120742,"Shewitz, Ronald",9260120978,507,Carriage Pine Dr,Philadelphia,PA,19125,US
120277,"Shirts, Wesley",9260116873,710,Crawford Rd,Miami-Dade,FL,33015,US
120776,"Silverthorne, Ratna",9260116930,284,Forest Dr,Miami-Dade,FL,33142,US
120174,"Simms, Doungkamol",1600101828,30,Goodall Ave,Melbourne,,3053,AU
120782,"Sines, Rilma",9260120951,142,Bluffridge Dr,Philadelphia,PA,19141,US
120781,"Sitnik, Sarah",9260123872,6846,Glastonbury Rd,San Diego,CA,91941,US
120717,"Sleva, Jon",9260116806,472,Big Bend Ct,Miami-Dade,FL,33155,US
120143,"Sloey, Phu",1600103054,1,Pacific Rise Mount Wellington,Sydney,,20000,AU
121028,"Smades, William",9260116940,6,Gamelyn Walk,Miami-Dade,FL,33183,US
121004,"Smith, Kellen",9260123920,1466,Horne St,San Diego,CA,92117,US
121032,"Smith, Nasim",9260123683,340,Bellevue Rd,San Diego,CA,92027,US
120660,"Smith, Robert",9260117010,4156,Hwy 42,Miami-Dade,FL,33180,US
121077,"Smotherly, Bryce",9260116838,4396,Burntwood Cir,Miami-Dade,FL,33193,US
121147,"Sneed, Christine",9260116938,151,Gail Ridge Ln,Miami-Dade,FL,33182,US
120156,"Snellings, Gerry",1600103069,26,St Kilda Road,Sydney,,2022,AU
121033,"Snitzer, Kristie",9260121026,2157,Denberg Ln,Philadelphia,PA,19140,US
120677,"Sochacki, Suad",9260116775,3519,Amersham Ln,Miami-Dade,FL,33160,US
120133,"Soltau, Petrea",1600101818,105,East St,Melbourne,,8060,AU
120111,"Spillane, Ubaldo",1600103064,325,Sherwood Road,Sydney,,1100,AU
120720,"Spingola, John",9260121100,1219,Hawkshead Rd,Philadelphia,PA,19139,US
121060,"Spofford, Elizabeth",9260116923,4368,Farrington Dr,Miami-Dade,FL,33165,US
120164,"Stamalis, Ranj",1600101850,435,Sherwood Rd,Melbourne,,8003,AU
120799,"Stefandonovan, Jeffery",9260121028,47,Dixie Trl,Philadelphia,PA,19136,US
121142,"Steiber, Reginald",9260121136,15,Kilmorack Dr,Philadelphia,PA,19136,US
121022,"Stevens, Robert",9260123921,224,Horsham Way,San Diego,CA,91950,US
121112,"Stouchko, Lee",9260116786,101,Avent Ferry Rd,Miami-Dade,FL,33178,US
120193,"Streit, Russell",1600101824,176,Exhibition Street,Melbourne,,3170,AU
121075,"Sugg, Kasha",9260123796,4137,Deer Haven Dr,San Diego,CA,92101,US
121016,"Sullivan, Lutezenia",9260116789,4758,Barbara Dr,Miami-Dade,FL,33180,US
121000,"Supple, Herman",9260117030,4,Kimbrook Dr,Miami-Dade,Fl,33187,US
120131,"Surawski, Marinus",1600103046,163,Nebo Road,Sydney,,1117,AU
121083,"Sutton, Tingmei",9260117007,6940,Hunt Farms Ln,Miami-Dade,FL,33147,US
120738,"Swaiti, Huilun",9260121097,211,Hamstead Crossing Dr,Philadelphia,PA,19124,US
121134,"Tacosa, Paul",9260123671,2733,Balfour Downs Cir,San Diego,CA,92109,US
120169,"Tannous, Cos",1600101857,13,Symonds Street,Melbourne,,3005,AU
121094,"Tate, Larry",9260123961,2704,Lake Wheeler Rd,San Diego,CA,92082,US
120693,"Tellam, Diaz",1600102970,8,Aboukis Street,Sydney,,1223,AU
120767,"Terricciano, Legette",9260121032,6348,Draper Rd,Philadelphia,PA,19131,US
120755,"Thoits, Elizabeth",9260123885,5,Green Lantern St,San Diego,CA,92128,US
120775,"Thompson, Tanya",9260116965,509,Green Level To Durham Rd,Miami-Dade,FL,33142,US
120167,"Tilley, Kimiko",1600103018,153,High St,Sydney,,2006,AU
120681,"Tolbet, Elery",9260116808,63,Bishops Park Dr,Miami-Dade,FL,33016,US
121138,"Tolley, Hershell",9260120922,3,Altair Cir,Philadelphia,PA,19131,US
120737,"Toner, Brenner",9260123826,36,Enka Dr,San Diego,CA,92037,US
120692,"Tregonning, Rit",1600102983,26,Brisbane Avenue,Sydney,,2064,AU
120686,"Tucker, Berether",9260123670,1999,Avery St,San Diego,CA,91941,US
120732,"Uenking, Kent",9260116807,2853,Birchford Ct,Miami-Dade,FL,33142,US
120752,"Van Damme, Jean-Claude",9260116858,973,Chris Dr,Miami-Dade,FL,33183,US
121093,"Vasconcellos, Carl",9260123738,5194,Calm Winds Ct,San Diego,CA,92071,US
120268,"Villeneuve, Jacques",9260121139,11,Kinderston Dr,Philadelphia,PA,19104,US
120758,"Voltz, Sal",9260116929,34,Flicker Ct,Miami-Dade,FL,33168,US
121057,"Voron, Tachaun",9260120986,990,Center Pointe Dr,Philadelphia,PA,19143,US
120153,"Waal, Samantha",1600102978,121,Blackburn Road,Sydney,,2580,AU
120996,"Wade, Johannes",9260123797,139,Deer Hunter Ct,San Diego,CA,91950,US
120780,"Walcott, Kimberly",9260121101,967,Hearthside Ct,Philadelphia,PA,19148,US
120805,"Walker, Robert",9260121022,153,Dawson Mill Run,Philadelphia,PA,19143,US
121039,"Washington, Donald",9260116813,1668,Bladen St,Miami-Dade,FL,33055,US
120657,"Weisbarth, Theresa",9260123821,1571,Edenton St,San Diego,CA,92114,US
121078,"Wende, Lionel",9260117043,52,Landor Rd,Miami-Dade,FL,33169,US
121024,"Westlund, Michael",9260123709,198,Botany Bay Dr,San Diego,CA,92021,US
121041,"Wetherington, Jaime",9260123714,1428,Brandywine Dr,San Diego,CA,92071,US
121114,"Whipkey, Okema",9260123718,7834,Briar Oaks Ln,San Diego,CA,92104,US
120725,"Whitlock, Robert",9260123669,456,Avent Hill,San Diego,CA,92117,US
120179,"Wills, Matsuoka",1600101830,5059,Great Eastern Highway,Melbourne,,8010,AU
120139,"Wilson, Fang",1600103068,354,St Kilda Rd,Sydney,,2145,AU
120271,"Winge, Kenisha",9260117015,94,Irelan Dr,Miami-Dade,FL,33144,US
120750,"Woods, Connie",9260116932,4407,Fountain Dr,Miami-Dade,FL,33178,US
120764,"Worton, Steven",9260123827,3100,Erinsbrook Dr,San Diego,CA,92026,US
120684,"Woyach, Suzon",9260116853,1107,Caswell Ct,Miami-Dade,FL,33141,US
120771,"Xing Moore, Wei",9260117001,84,Holt Dr,Miami-Dade,FL,33183,US
120102,"Zhou, Tom",1600101795,1,Adelaide Street MIC Court,Melbourne,,3125,AU
120804,"Zied, Ahmed",9260116786,101,Avent Ferry Rd,Miami-Dade,FL,33178,US
120670,"Zisek, Odudu",9260121153,114,Lakerun Ct,Philadelphia,PA,19146,US
120148,"Zubak, Michael",1600102992,51,Court Crescent Panmure,Sydney,,2041,AU
